index,Freq,Word
0,663,train
1,513,datum
2,509,are
3,488,chapter
4,470,feature
5,430,machine
6,420,algorithm
7,374,function
8,356,sample
9,317,label
10,285,classifier
11,284,cluster
12,278,regression
13,271,self
14,269,via
15,258,import
16,223,following
17,220,matrix
18,217,neural
19,216,linear
20,216,classification
21,210,predict
22,207,code
23,186,plot
24,177,fit
25,173,parameter
26,170,python
27,160,method
28,153,implement
29,149,logistic
30,141,error
31,133,vector
32,133,gradient
33,127,application
34,127,random
35,125,kernel
36,117,update
37,117,print
38,116,shape
39,116,variable
40,113,web
41,113,calculate
42,113,previous
43,110,accuracy
44,107,ensemble
45,107,technique
46,104,layer
47,103,column
48,101,score
49,100,input
50,100,array
51,98,scatter
52,96,regularization
53,96,define
54,94,text
55,94,compute
56,92,prediction
57,91,marker
58,89,execute
59,88,file
60,87,precede
61,87,document
62,86,concept
63,85,probability
64,85,def
65,84,transform
66,84,output
67,81,distance
68,80,review
69,80,ax
70,80,implementation
71,78,true
72,77,library
73,75,object
74,72,epoch
75,72,sum
76,72,artificial
77,72,tune
78,71,reduction
79,69,activation
80,69,alpha
81,67,target
82,67,descent
83,66,forest
84,66,dot
85,62,working
86,62,variance
87,62,obtain
88,62,component
89,61,scale
90,60,evaluate
91,59,positive
92,59,estimate
93,58,principal
94,58,coefficient
95,58,tour
96,58,axis
97,58,separate
98,58,selection
99,57,task
100,57,vote
101,56,map
102,56,combine
103,56,row
104,55,index
105,55,curve
106,54,app
107,54,standardize
108,54,select
109,53,log
110,53,hide
111,52,recognition
112,51,zero
113,50,correct
114,50,respective
115,50,dimensional
116,49,pipeline
117,48,typical
118,48,percent
119,48,average
120,48,flask
121,47,eta
122,47,evaluation
123,46,split
124,45,nonlinear
125,45,continuous
126,44,none
127,44,majority
128,44,supervise
129,44,assign
130,44,grid
131,44,furthermore
132,43,multiple
133,43,compress
134,43,legend
135,43,classify
136,43,subset
137,43,initialize
138,43,neuron
139,42,illustrate
140,41,search
141,41,bag
142,41,net
143,41,lower
144,40,sentiment
145,40,wine
146,40,database
147,40,introduce
148,40,efficient
149,40,iris
150,40,original
151,40,estimator
152,39,bias
153,38,equation
154,38,path
155,38,validation
156,38,basic
157,37,alternative
158,37,square
159,37,binary
160,36,don
161,36,summarize
162,36,setting
163,36,length
164,36,fold
165,36,topic
166,36,metric
167,35,flower
168,35,install
169,35,node
170,35,correspond
171,35,given
172,35,complex
173,35,consist
174,34,please
175,34,linkage
176,34,petal
177,34,collect
178,34,hierarchical
179,34,decrease
180,34,visualize
181,34,recommend
182,33,false
183,33,max
184,33,negative
185,33,subsection
186,32,assume
187,32,summary
188,32,missing
189,32,boundary
190,32,directory
191,32,optimization
192,32,refer
193,31,minimize
194,31,construct
195,31,entropy
196,31,generalization
197,31,frequency
198,31,predictive
199,31,user
200,31,neighbor
201,31,module
202,30,embed
203,30,content
204,30,adaptive
205,30,solve
206,30,unsupervised
207,30,default
208,30,unique
209,30,optimize
210,29,pickle
211,29,relative
212,29,version
213,29,integer
214,29,connect
215,29,euclidean
216,29,criterion
217,29,specify
218,29,panda
219,28,optimal
220,28,intuitive
221,28,convenient
222,28,load
223,28,combination
224,28,access
225,28,equal
226,27,gain
227,27,silhouette
228,27,additional
229,27,yield
230,27,learner
231,27,so-called
232,27,similarity
233,26,dimension
234,26,architecture
235,26,advantage
236,26,upper
237,26,complete
238,26,representation
239,26,threshold
240,26,instance
241,26,contrast
242,25,belong
243,25,download
244,25,transformation
245,25,unlabeled
246,25,publish
247,25,append
248,25,encode
249,25,width
250,25,separable
251,24,solution
252,24,convergence
253,24,feedback
254,24,essential
255,24,purpose
256,24,maximize
257,24,core
258,24,button
259,23,polynomial
260,23,shuffle
261,23,quadratic
262,23,title
263,23,minimum
264,23,practical
265,23,correlation
266,23,weak
267,22,server
268,22,sparse
269,22,perfect
270,22,further
271,22,software
272,22,impurity
273,22,package
274,21,trick
275,21,slight
276,21,attribute
277,21,categorical
278,21,direct
279,21,iteration
280,21,computational
281,21,command
282,21,residual
283,21,submit
284,21,membership
285,20,dealing
286,20,intercept
287,20,converge
288,20,key
289,20,address
290,20,explanatory
291,20,initial
292,20,pattern
293,20,digit
294,20,replace
295,20,fitting
296,20,penalty
297,19,maximum
298,19,appropriate
299,19,recall
300,19,relate
301,19,expensive
302,19,re
303,19,subplot
304,19,bootstrap
305,19,reshape
306,19,account
307,19,normalize
308,19,boost
309,19,gamma
310,19,generalize
311,19,unseen
312,19,strength
313,18,advance
314,18,explore
315,18,familiar
316,18,discussion
317,18,going
318,18,finding
319,18,compile
320,18,meaning
321,17,global
322,17,due
323,17,scenario
324,17,housing
325,17,intuition
326,17,total
327,17,derivative
328,17,script
329,17,convert
330,17,fuzzy
331,17,understanding
332,17,saw
333,17,template
334,17,stem
335,17,scope
336,17,otherwise
337,17,element
338,17,assumption
339,17,automatic
340,17,found
341,17,capture
342,17,online
343,16,noise
344,16,tool
345,16,website
346,16,beginning
347,16,two-dimensional
348,16,fig
349,16,brief
350,16,margin
351,16,context
352,16,incorrect
353,16,extraction
354,16,zip
355,16,distribution
356,15,tackle
357,15,versus
358,15,divide
359,15,writing
360,15,transformer
361,15,ordinal
362,15,replacement
363,15,excite
364,15,nest
365,15,generate
366,15,debug
367,15,outcome
368,15,fast
369,15,standardization
370,15,expression
371,15,click
372,14,multiply
373,14,archive
374,14,argument
375,14,being
376,14,robust
377,14,lasso
378,14,quick
379,14,regular
380,14,reinforcement
381,14,circle
382,14,pip
383,14,tutorial
384,14,symbol
385,14,heat
386,14,projection
387,14,procedure
388,14,addition
389,14,terminal
390,14,byte
391,14,sequential
392,14,sepal
393,14,string
394,14,handwritten
395,14,whereas
396,14,mathematical
397,14,complexity
398,14,holdout
399,14,distribute
400,14,render
401,13,fine-tune
402,13,especial
403,13,regularize
404,13,uniform
405,13,inverse
406,13,ratio
407,13,deviation
408,13,google
409,13,achieve
410,13,frequent
411,13,precision
412,13,ravel
413,13,float
414,13,higher
415,13,modify
416,13,request
417,13,therefore
418,13,hello
419,13,modern
420,13,notation
421,13,hyperbolic
422,13,algebra
423,13,dictionary
424,13,batch
425,13,tangent
426,12,item
427,12,documentation
428,12,repeat
429,12,doc
430,12,handle
431,12,simplicity
432,12,unfortunate
433,12,excellent
434,12,illustration
435,12,graph
436,12,stable
437,12,interpret
438,12,copy
439,12,lambda
440,12,normal
441,12,depend
442,12,emoticon
443,12,diagnose
444,12,introduction
445,12,norm
446,12,alcohol
447,12,derive
448,12,limit
449,12,vocabulary
450,12,extend
451,11,engineer
452,11,extreme
453,11,notice
454,11,classified
455,11,porter
456,11,statistical
457,11,importance
458,11,objective
459,11,seed
460,11,display
461,11,characteristic
462,11,mode
463,11,optional
464,11,depth
465,11,enumerate
466,11,nominal
467,11,
468,11,respect
469,11,propagation
470,11,numerical
471,11,computation
472,11,round
473,11,compression
474,11,storage
475,11,assess
476,11,making
477,11,col
478,11,probable
479,11,cannot
480,11,xi
481,11,loop
482,10,pair
483,10,erratum
484,10,ensure
485,10,density
486,10,surface
487,10,reading
488,10,multiplication
489,10,efficiency
490,10,link
491,10,splitting
492,10,actual
493,10,distortion
494,10,detect
495,10,stump
496,10,soft
497,10,entry
498,10,count
499,10,gray
500,10,post
501,10,locate
502,10,technical
503,10,independent
504,10,quantify
505,10,curse
506,10,pixel
507,10,absolute
508,10,category
509,10,slope
510,10,visualization
511,10,hue
512,10,utilize
513,9,description
514,9,flatten
515,9,proportion
516,9,university
517,9,resolution
518,9,conclude
519,9,latter
520,9,interpreter
521,9,concrete
522,9,tumor
523,9,signal
524,9,partial
525,9,static
526,9,notebook
527,9,protocol
528,9,developer
529,9,encourage
530,9,format
531,9,manual
532,9,confusion
533,9,simplify
534,9,sun
535,9,denote
536,9,verbose
537,9,constant
538,9,scalar
539,9,popularity
540,9,desire
541,9,effective
542,9,extract
543,9,eventual
544,9,graphical
545,9,satisfy
546,9,malignant
547,9,ridge
548,9,encounter
549,8,journey
550,8,elbow
551,8,repository
552,8,cancer
553,8,reader
554,8,route
555,8,recurrent
556,8,classic
557,8,option
558,8,mistake
559,8,superscript
560,8,exploratory
561,8,unzip
562,8,raw
563,8,browser
564,8,rank
565,8,relevant
566,8,feed
567,8,express
568,8,reference
569,8,experiment
570,8,editor
571,8,internet
572,8,serialize
573,8,spatial
574,8,analyze
575,8,opposite
576,8,session
577,8,drawing
578,8,ash
579,8,exist
580,8,deploy
581,8,stack
582,8,reward
583,8,improvement
584,8,exact
585,8,shine
586,8,sampling
587,8,token
588,8,ourselves
589,8,guide
590,8,sensitive
591,8,preface
592,8,math
593,8,interface
594,8,worth
595,8,date
596,8,engine
597,8,calling
598,8,grouping
599,8,breast
600,8,header
601,7,screenshot
602,7,macro
603,7,filter
604,7,explicit
605,7,reverse
606,7,prefer
607,7,clean
608,7,tend
609,7,analytical
610,7,underlie
611,7,compact
612,7,magic
613,7,turning
614,7,attach
615,7,fundamental
616,7,benign
617,7,sub
618,7,basis
619,7,root
620,7,complicate
621,7,prior
622,7,proceed
623,7,constraint
624,7,operator
625,7,spam
626,7,confuse
627,7,observe
628,7,identical
629,7,terminology
630,7,estimation
631,7,merge
632,7,framework
633,7,device
634,7,observation
635,7,taking
636,7,calculation
637,7,below
638,7,hardware
639,7,penalize
640,7,upload
641,7,normalization
642,7,suffer
643,7,height
644,7,proceeding
645,7,lazy
646,7,activate
647,7,cubic
648,7,disadvantage
649,7,opinion
650,7,interpolation
651,6,organize
652,6,purchase
653,6,block
654,6,unpack
655,6,measurement
656,6,experimentation
657,6,substantial
658,6,usage
659,6,indicator
660,6,regard
661,6,insert
662,6,mine
663,6,customer
664,6,visual
665,6,brain
666,6,iterative
667,6,irrelevant
668,6,grad
669,6,connection
670,6,ovum
671,6,detector
672,6,accurate
673,6,err
674,6,associate
675,6,fetch
676,6,mostly
677,6,ordinary
678,6,prevent
679,6,highlight
680,6,runner
681,6,simultaneous
682,6,exceed
683,6,modification
684,6,diagram
685,6,removal
686,6,attractive
687,6,pool
688,6,recap
689,6,cross
690,6,lab
691,6,recommendation
692,6,lasagna
693,6,insight
694,6,sweet
695,6,dissimilar
696,6,crucial
697,6,chain
698,6,prize
699,6,vary
700,6,weather
701,6,abs
702,6,id
703,6,i
704,6,momentum
705,6,border
706,6,attempt
707,6,arbitrary
708,6,operate
709,6,graphic
710,6,cursor
711,6,epsilon
712,6,overview
713,6,dummy
714,6,receiver
715,6,partition
716,6,syntax
717,6,acid
718,6,equivalent
719,6,plus
720,6,stratify
721,5,guarantee
722,5,dense
723,5,informative
724,5,decay
725,5,interval
726,5,eliminate
727,5,unable
728,5,cyan
729,5,cycle
730,5,intelligence
731,5,vertical
732,5,balance
733,5,symmetric
734,5,mark
735,5,sequence
736,5,contour
737,5,omit
738,5,mac
739,5,configure
740,5,parametric
741,5,radial
742,5,sparsity
743,5,tolerance
744,5,programmer
745,5,subcategory
746,5,slow
747,5,accumulate
748,5,prune
749,5,reliable
750,5,execution
751,5,spectral
752,5,inner
753,5,practitioner
754,5,progress
755,5,formulate
756,5,differentiation
757,5,pure
758,5,prominent
759,5,gap
760,5,conditional
761,5,fifth
762,5,rendering
763,5,desktop
764,5,dump
765,5,dive
766,5,consistent
767,5,calculus
768,5,condense
769,5,fisher
770,5,straightforward
771,5,broad
772,5,spread
773,5,intensity
774,5,odds
775,5,decomposition
776,5,intermediate
777,5,spectrum
778,5,triangle
779,5,anaconda
780,5,reflect
781,5,representative
782,5,researcher
783,5,suitable
784,5,aspect
785,5,impute
786,5,exercise
787,5,potential
788,5,collection
789,5,ha
790,5,immediate
791,5,convenience
792,5,clarity
793,5,urn
794,5,setup
795,5,master
796,5,ignore
797,5,validate
798,5,slack
799,5,empty
800,5,plurality
801,5,status
802,5,overshoot
803,5,active
804,5,uncommon
805,5,shrink
806,5,sentence
807,5,variant
808,5,fourth
809,5,permutation
810,5,leaf
811,5,accessible
812,5,one-dimensional
813,5,relevance
814,5,valuable
815,5,rec
816,5,approximate
817,5,hierarchy
818,5,publication
819,5,stream
820,5,journal
821,5,reasonable
822,5,concentric
823,5,bound
824,5,triangular
825,5,convention
826,5,extension
827,4,corner
828,4,align
829,4,instruction
830,4,tab
831,4,markup
832,4,agent
833,4,competition
834,4,belonging
835,4,expertise
836,4,receptive
837,4,scorer
838,4,streamline
839,4,median
840,4,spot
841,4,spherical
842,4,aggregate
843,4,match
844,4,mathematics
845,4,subgroup
846,4,except
847,4,cleaning
848,4,glimpse
849,4,reuse
850,4,impossible
851,4,discovery
852,4,subsequent
853,4,hi
854,4,comparison
855,4,applicable
856,4,symbolic
857,4,overcome
858,4,orange
859,4,ahead
860,4,dim
861,4,shift
862,4,unsigned
863,4,installer
864,4,downside
865,4,paperback
866,4,clone
867,4,micro
868,4,propose
869,4,fix
870,4,incremental
871,4,tot
872,4,sec
873,4,permanent
874,4,distinguish
875,4,discriminatory
876,4,introductory
877,4,corpus
878,4,adjust
879,4,alone
880,4,limitation
881,4,trend
882,4,demonstration
883,4,favorite
884,4,reload
885,4,chemical
886,4,solver
887,4,shall
888,4,heavy
889,4,scratch
890,4,latent
891,4,sufficient
892,4,dislike
893,4,speech
894,4,smooth
895,4,copyright
896,4,unbiased
897,4,denominator
898,4,intelligent
899,4,magnitude
900,4,arithmetic
901,4,scientific
902,4,specialize
903,4,release
904,4,abbreviate
905,4,overall
906,4,weakness
907,4,remind
908,4,straight
909,4,refresher
910,4,interpretation
911,4,separation
912,4,contact
913,4,formula
914,4,domain
915,4,upgrade
916,4,skip
917,4,toy
918,4,conceptual
919,4,beginner
920,4,rough
921,4,critical
922,4,restart
923,4,propagate
924,4,generator
925,4,commit
926,4,submission
927,4,fraction
928,4,principle
929,4,unless
930,4,installation
931,4,depict
932,4,contribute
933,4,equip
934,4,visible
935,4,volume
936,4,confirm
937,4,problematic
938,4,obvious
939,4,backward
940,4,leverage
941,3,feasible
942,3,continuum
943,3,transpose
944,3,shrinkage
945,3,species
946,3,folder
947,3,nowadays
948,3,jump
949,3,smart
950,3,convex
951,3,nor
952,3,frank
953,3,diagonal
954,3,cheap
955,3,favor
956,3,vast
957,3,detection
958,3,tradeoff
959,3,suboptimal
960,3,welcome
961,3,statistic
962,3,circular
963,3,snippet
964,3,wiki
965,3,grasp
966,3,noisy
967,3,speed
968,3,presence
969,3,verify
970,3,retrain
971,3,in-depth
972,3,dash
973,3,hypothesis
974,3,tip
975,3,capable
976,3,readability
977,3,mass
978,3,temporary
979,3,compiler
980,3,unroll
981,3,proper
982,3,foundation
983,3,precise
984,3,comment
985,3,reviewer
986,3,cohesion
987,3,imbalance
988,3,approximation
989,3,correlate
990,3,diagnosis
991,3,fair
992,3,username
993,3,dilute
994,3,likelihood
995,3,mad
996,3,association
997,3,loo
998,3,edition
999,3,ward
1000,3,toggle
1001,3,scientist
1002,3,reproduce
1003,3,overwhelm
1004,3,formal
1005,3,institute
1006,3,lunch
1007,3,polarity
1008,3,user-friendly
1009,3,cumulative
1010,3,broaden
1011,3,allocation
1012,3,indexer
1013,3,definition
1014,3,discard
1015,3,comprehensive
1016,3,elastic
1017,3,illustrative
1018,3,strict
1019,3,assemble
1020,3,infinity
1021,3,configuration
1022,3,discount
1023,3,aim
1024,3,placeholder
1025,3,literature
1026,3,state-of-the-art
1027,3,adapt
1028,3,parallel
1029,3,step-by-step
1030,3,greedy
1031,3,budget
1032,3,rewrite
1033,3,en
1034,3,subscript
1035,3,derivation
1036,3,bang
1037,3,characterize
1038,3,demonstrate
1039,3,portal
1040,3,origin
1041,3,intrinsic
1042,3,predictor
1043,3,maximal
1044,3,brand
1045,3,academia
1046,3,fortunate
1047,3,touch
1048,3,reset
1049,3,subtract
1050,3,groundwork
1051,3,theorem
1052,3,diamond
1053,3,paragraph
1054,3,biological
1055,3,offset
1056,3,upfront
1057,3,rare
1058,3,iterate
1059,3,discrete
1060,3,printing
1061,3,compatible
1062,3,beauty
1063,3,punctuation
1064,3,tedious
1065,3,explanation
1066,3,valid
1067,3,revisit
1068,3,interactive
1069,3,buck
1070,3,aware
1071,3,consistency
1072,3,neither
1073,3,excerpt
1074,3,comparative
1075,3,consequent
1076,3,magnesium
1077,3,transfer
1078,3,handy
1079,3,exhaustive
1080,3,violate
1081,3,overlap
1082,3,putt
1083,3,radius
1084,3,trap
1085,3,divisive
1086,3,physics
1087,2,bottom
1088,2,quantitative
1089,2,terminate
1090,2,optimum
1091,2,strip
1092,2,prone
1093,2,off-the-shelf
1094,2,dual
1095,2,dominate
1096,2,hence
1097,2,biology
1098,2,location
1099,2,centimeter
1100,2,loose
1101,2,comb
1102,2,symmetrical
1103,2,steep
1104,2,dig
1105,2,utilization
1106,2,elsewhere
1107,2,chess
1108,2,double
1109,2,toxicity
1110,2,refinement
1111,2,exponent
1112,2,climb
1113,2,preparation
1114,2,showing
1115,2,integrate
1116,2,transmit
1117,2,allocate
1118,2,consensus
1119,2,comparable
1120,2,everyday
1121,2,imputation
1122,2,jet
1123,2,examine
1124,2,usual
1125,2,export
1126,2,newly
1127,2,lack
1128,2,warning
1129,2,lean
1130,2,emotion
1131,2,susceptible
1132,2,inertia
1133,2,martin
1134,2,customize
1135,2,trying
1136,2,vanish
1137,2,smartphone
1138,2,redirect
1139,2,river
1140,2,drawback
1141,2,squash
1142,2,hash
1143,2,patch
1144,2,kindle
1145,2,enthusiasm
1146,2,bottom-up
1147,2,ultimate
1148,2,handwriting
1149,2,background
1150,2,accompany
1151,2,moreover
1152,2,register
1153,2,convolution
1154,2,inefficient
1155,2,unlock
1156,2,calibrate
1157,2,alias
1158,2,scheme
1159,2,breakthrough
1160,2,annual
1161,2,translation
1162,2,sheet
1163,2,invert
1164,2,rely
1165,2,coordinator
1166,2,massive
1167,2,host
1168,2,protein
1169,2,linguistic
1170,2,interaction
1171,2,decompress
1172,2,ellipse
1173,2,rad
1174,2,trading
1175,2,textbook
1176,2,absence
1177,2,ex
1178,2,dashboard
1179,2,busy
1180,2,compromise
1181,2,winning
1182,2,dependence
1183,2,motivation
1184,2,evolve
1185,2,histogram
1186,2,memorize
1187,2,identity
1188,2,slide
1189,2,curious
1190,2,apple
1191,2,elapse
1192,2,unknown
1193,2,anneal
1194,2,restrict
1195,2,enable
1196,2,unchanged
1197,2,functionality
1198,2,unfeasible
1199,2,cascade
1200,2,livery
1201,2,glance
1202,2,novel
1203,2,specification
1204,2,up-to-date
1205,2,helper
1206,2,mid
1207,2,translate
1208,2,shortcut
1209,2,requirement
1210,2,luxury
1211,2,piracy
1212,2,gate
1213,2,tick
1214,2,tail
1215,2,sphere
1216,2,license
1217,2,reorder
1218,2,cast
1219,2,lucky
1220,2,real-time
1221,2,notable
1222,2,commission
1223,2,somewhat
1224,2,rotation
1225,2,nutshell
1226,2,semantic
1227,2,redundant
1228,2,confidence
1229,2,diagnostic
1230,2,mimic
1231,2,maximization
1232,2,retain
1233,2,imply
1234,2,auto
1235,2,forth
1236,2,multidimensional
1237,2,benchmark
1238,2,distinct
1239,2,stick
1240,2,transaction
1241,2,weighting
1242,2,proposal
1243,2,dis
1244,2,influence
1245,2,royalty
1246,2,familiarize
1247,2,frame
1248,2,mirror
1249,2,belief
1250,2,assignment
1251,2,three-dimensional
1252,2,hart
1253,2,construction
1254,2,nerve
1255,2,supercomputer
1256,2,subarea
1257,2,warren
1258,2,notion
1259,2,flat
1260,2,stork
1261,2,spine
1262,2,lock
1263,2,tight
1264,2,industrial
1265,2,obsession
1266,2,press
1267,2,discriminate
1268,2,hands-on
1269,2,mix
1270,2,short-term
1271,2,percentage
1272,2,cutting-edge
1273,2,decompose
1274,2,sophisticate
1275,2,professional
1276,2,capability
1277,2,affinity
1278,2,buffer
1279,2,blank
1280,2,wrapping
1281,2,ideal
1282,2,infer
1283,2,refit
1284,2,binomial
1285,2,intersection
1286,2,rain
1287,2,vision
1288,2,front
1289,2,offline
1290,2,expense
1291,2,becoming
1292,2,unprocessed
1293,2,phenomenon
1294,2,credit
1295,2,compose
1296,2,holding
1297,2,abundance
1298,2,determination
1299,2,descend
1300,2,persistence
1301,2,variety
1302,2,teenager
1303,2,snowball
1304,2,shade
1305,2,mere
1306,2,prompt
1307,2,constitute
1308,2,invest
1309,2,acceptable
1310,2,declare
1311,2,flag
1312,2,internal
1313,2,appreciate
1314,2,lowercase
1315,2,forecast
1316,2,switch
1317,2,electrical
1318,2,famous
1319,2,daily
1320,2,accomplish
1321,2,alphabet
1322,2,screen
1323,2,bishop
1324,2,dynamic
1325,2,aesthetic
1326,2,trivial
1327,2,outer
1328,2,electronic
1329,2,panel
1330,2,mini
1331,2,safe
1332,2,advancement
1333,2,tar
1334,2,phi
1335,2,accelerate
1336,2,escape
1337,1,shallow
1338,1,unpredictable
1339,1,substitute
1340,1,genome
1341,1,novice
1342,1,whenever
1343,1,interconnect
1344,1,outstanding
1345,1,arise
1346,1,curvature
1347,1,warm
1348,1,dedicate
1349,1,clever
1350,1,toolkit
1351,1,laboratory
1352,1,publisher
1353,1,subdivide
1354,1,differ
1355,1,mysterious
1356,1,inaccurate
1357,1,marketer
1358,1,assistant
1359,1,selector
1360,1,outlook
1361,1,pack
1362,1,nucleus
1363,1,methodological
1364,1,downward
1365,1,knob
1366,1,lightweight
1367,1,bore
1368,1,tract
1369,1,fraud
1370,1,bachelor
1371,1,reputation
1372,1,withhold
1373,1,technician
1374,1,ineffective
1375,1,eugenic
1376,1,revert
1377,1,twitter
1378,1,burden
1379,1,unfamiliar
1380,1,nervous
1381,1,orientation
1382,1,refresh
1383,1,suspect
1384,1,warn
1385,1,elemental
1386,1,poll
1387,1,apparent
1388,1,inquiry
1389,1,sight
1390,1,tailor
1391,1,upward
1392,1,scrutinize
1393,1,inspection
1394,1,mastery
1395,1,zone
1396,1,roman
1397,1,query
1398,1,completion
1399,1,spite
1400,1,quote
1401,1,passion
1402,1,elaborate
1403,1,reductionist
1404,1,subtitle
1405,1,tricky
1406,1,reshuffle
1407,1,complement
1408,1,deserve
1409,1,pollack
1410,1,rediscover
1411,1,complementary
1412,1,numeric
1413,1,groundbreaking
1414,1,wholehearted
1415,1,asterisk
1416,1,discrepancy
1417,1,logical
1418,1,classical
1419,1,delve
1420,1,fascinate
1421,1,department
1422,1,newsletter
1423,1,navigate
1424,1,cookbook
1425,1,sage
1426,1,finite
1427,1,collision
1428,1,hill
1429,1,crop
1430,1,follow-up
1431,1,commercial
1432,1,damage
1433,1,launch
1434,1,oxford
1435,1,residential
1436,1,shop
1437,1,distinction
1438,1,indigo
1439,1,subscribe
1440,1,queen
1441,1,comprehend
1442,1,amplify
1443,1,inappropriate
1444,1,tolerate
1445,1,john
1446,1,symptom
1447,1,vice
1448,1,descriptive
1449,1,behave
1450,1,distributor
1451,1,adjustment
1452,1,formulation
1453,1,ongoing
1454,1,manipulate
1455,1,reserved
1456,1,shortly
1457,1,definite
1458,1,presidential
1459,1,oxide
1460,1,paste
1461,1,contiguous
1462,1,gradual
1463,1,perceive
1464,1,chi
1465,1,battery
1466,1,manageable
1467,1,endeavor
1468,1,indirect
1469,1,top-down
1470,1,logarithm
1471,1,preserve
1472,1,gear
1473,1,plain
1474,1,khan
1475,1,stride
1476,1,automaton
1477,1,biophysics
1478,1,tire
1479,1,reciprocal
1480,1,alter
1481,1,hype
1482,1,specialization
1483,1,linearity
1484,1,indispensable
1485,1,prestigious
1486,1,rekindle
1487,1,summation
1488,1,regress
1489,1,mediocrity
1490,1,virtual
1491,1,hinge
1492,1,nose
1493,1,saying
1494,1,struggle
1495,1,shadow
1496,1,parse
1497,1,reiterate
1498,1,entitle
1499,1,clip
1500,1,delete
1501,1,perception
1502,1,traverse
1503,1,promise
1504,1,grammar
1505,1,grateful
1506,1,glitch
1507,1,aggressive
1508,1,thinker
1509,1,rectangle
1510,1,frustration
1511,1,dwelling
1512,1,behoove
1513,1,demand
1514,1,platform
1515,1,aeronautical
1516,1,track
1517,1,phase
1518,1,tom
1519,1,recursive
1520,1,elimination
1521,1,exponential
1522,1,axon
1523,1,desirable
1524,1,unnecessary
1525,1,grand
1526,1,repetition
1527,1,dean
1528,1,mechanical
1529,1,algorithmic
1530,1,hammer
1531,1,sixth
1532,1,popularization
1533,1,hybrid
1534,1,embark
1535,1,horse
1536,1,dozen
1537,1,freedom
1538,1,penalization
1539,1,deluge
1540,1,occasional
1541,1,singular
1542,1,amazon
1543,1,inspire
1544,1,manipulation
1545,1,password
1546,1,automate
1547,1,essence
1548,1,emerge
1549,1,corrupt
1550,1,protection
1551,1,extendible
1552,1,offering
1553,1,bumpy
1554,1,warranty
1555,1,paradigm
1556,1,electron
1557,1,pursue
1558,1,laurel
1559,1,greenhouse
1560,1,nail
1561,1,doubt
1562,1,inferior
1563,1,inbox
1564,1,resemble
1565,1,providing
1566,1,grape
1567,1,remarkable
1568,1,asp
1569,1,instantiate
1570,1,transcription
1571,1,modest
1572,1,interplay
1573,1,login
1574,1,terrible
1575,1,generic
1576,1,debugger
1577,1,lottery
1578,1,sunny
1579,1,disk
1580,1,manifold
1581,1,suffice
1582,1,roll
1583,1,mailing
1584,1,quotation
1585,1,grammatical
1586,1,encompass
1587,1,realistic
1588,1,remap
1589,1,beforehand
1590,1,beach
1591,1,motivate
1592,1,vital
1593,1,deposit
1594,1,categorize
1595,1,popularize
1596,1,stat
1597,1,ti
1598,1,exemplary
1599,1,self-contained
1600,1,superiority
1601,1,explosion
1602,1,afterward
1603,1,wolf
1604,1,allege
1605,1,closing
1606,1,degrade
1607,1,inseparable
1608,1,acre
1609,1,continuity
1610,1,distant
1611,1,owner
1612,1,menu
1613,1,comfortable
1614,1,sh
1615,1,pose
1616,1,unite
1617,1,ticker
1618,1,productive
1619,1,bold
1620,1,consultant
1621,1,okay
1622,1,designer
1623,1,extensive
1624,1,ark
1625,1,royal
1626,1,foremost
1627,1,guidance
1628,1,double-check
1629,1,mandarin
1630,1,reassign
1631,1,flush
1632,1,stature
1633,1,beneficial
1634,1,tie
1635,1,contributor
1636,1,rotate
1637,1,quotient
1638,1,remedy
1639,1,proofreader
1640,1,hiding
1641,1,blessing
1642,1,tame
1643,1,medicine
1644,1,native
1645,1,underpinning
1646,1,logic
1647,1,foreword
1648,1,sigma
1649,1,conquer
1650,1,retrieval
1651,1,owe
1652,1,eyeball
1653,1,judgment
1654,1,replicate
1655,1,broken
1656,1,attitude
1657,1,fellow
1658,1,rainy
1659,1,augment
1660,1,holder
1661,1,knowledgeable
1662,1,alternate
1663,1,grant
1664,1,facilitate
1665,1,peck
1666,1,annotate
1667,1,wrap
1668,1,graduate
1669,1,sole
1670,1,screening
1671,1,mutual
1672,1,explode
1673,1,radar
1674,1,agglomeration
1675,1,constructive
1676,1,edit
1677,1,academic
1678,1,strange
1679,1,outline
1680,1,habit
1681,1,enterprise
1682,1,verification
1683,1,oppose
1684,1,synonymous
1685,1,blog
1686,1,nine
1687,1,supposed
1688,1,demystify
1689,1,conceive
1690,1,prototype
1691,1,idealistic
1692,1,immanent
1693,1,excursion
1694,1,external
1695,1,acquaint
1696,1,pseudo
1697,1,tall
1698,1,pitfall
1699,1,universal
1700,1,subtle
1701,1,highway
1702,1,advise
1703,1,adobe
1704,1,polar
1705,1,unlikely
1706,1,intersect
1707,1,tough
1708,1,abstract
1709,1,experimental
1710,1,responsibility
1711,1,open-source
1712,1,liable
1713,1,malicious
1714,1,rebuild
1715,1,instant
1716,1,yearlong
1717,1,large-scale
1718,1,survey
1719,1,secure
1720,1,legitimate
1721,1,occasion
1722,1,suburb
1723,1,conduct
1724,1,eighteenth
1725,1,probabilistic
1726,1,sincere
1727,1,singleton
1728,1,geometrical
1729,1,administrator
1730,1,taxonomy
1731,1,color-coded
1732,1,ram
1733,1,seminar
1734,1,logarithmic
1735,1,repertoire
1736,1,bear
1737,1,quirk
1738,1,embrace
1739,1,fed
1740,1,tendency
1741,1,scholar
1742,1,justify
1743,1,bundle
1744,1,pioneer
1745,1,hereditary
1746,1,theoretical
1747,1,canonical
1748,1,chart
1749,1,ingredient
1750,1,dealer
1751,1,anymore
1752,1,gentle
1753,1,optimistic
1754,1,discipline
1755,1,trademark
1756,1,twentieth
1757,1,anomaly
1758,1,capacity
1759,1,sale
1760,1,namely
1761,1,rationale
1762,1,lecture
1763,1,subscription
1764,1,decorator
1765,1,illegal
1766,1,encoder
1767,1,normality
1768,1,emphasize
1769,1,arc
1770,1,remote
1771,1,crash
1772,1,leak
1773,1,rapid
1774,1,actionable
1775,1,colleague
1776,1,decline
1777,1,facility
1778,1,minus
1779,1,worldwide
1780,1,echo
1781,1,italic
1782,1,symposium
1783,1,acquisition
1784,1,coloring
1785,1,impenetrable
1786,1,extraordinary
1787,1,induce
1788,1,wrapper
1789,1,yang
1790,1,trigger
1791,1,molecular
1792,1,outdoor
1793,1,pronounce
1794,1,remark
1795,1,proud
1796,1,exclusive
1797,1,arrangement
1798,1,naive
1799,1,thirteenth
1800,1,swift
1801,1,interpolate
1802,1,pest
1803,1,bell
1804,1,ascent
1805,1,influential
1806,1,yellow
1807,1,worthwhile
1808,1,pocket
1809,1,superior
1810,1,midst
1811,1,reserve
1812,1,tabular
1813,1,sharp
1814,1,nitty-gritty
1815,1,neat
1816,1,pleasure
1817,1,digitize
1818,1,disagree
1819,1,narrow
1820,1,contribution
1821,1,unfold
1822,1,disable
1823,1,suppose
1824,1,mandatory
1825,1,newbie
1826,1,irascible
1827,1,unstable
1828,1,pirate
1829,1,sake
1830,1,philosophy
1831,1,numerator
1832,1,saving
1833,1,unequal
1834,1,thresh
1835,1,participate
1836,1,appreciation
1837,1,gym
1838,1,confident
1839,1,minx
1840,1,census
1841,1,thumb
1842,1,doing
1843,1,e-book
1844,1,secant
1845,1,recompute
1846,1,devote
1847,1,mission
1848,1,tech
1849,1,turnout
1850,1,randomize
1851,1,possibility
1852,1,deliberative
1853,1,reopen
1854,1,landing
1855,1,positional
1856,1,axiom
1857,1,font
1858,1,taxonomic
1859,1,hesitate
1860,1,pharmaceutical
1861,1,bud
1862,1,inherent
1863,1,permission
1864,1,august
1865,1,proportional
1866,1,transport
1867,1,processor
1868,1,tag
1869,1,textual
1870,1,relax
1871,1,demo
1872,1,easygoing
1873,1,curiosity
1874,1,consecutive
1875,1,recapitulate
1876,1,unmissable
1877,1,bump
1878,1,strategical
1879,1,extent
1880,1,arsenal
1881,1,underscore
1882,1,concise
1883,1,add-on
1884,1,troubleshoot
1885,1,annals
1886,1,analyst
1887,1,brave
1888,1,restate
1889,1,coverage
1890,1,invaluable
1891,1,cancel
1892,1,alike
1893,1,branch
1894,1,toolbox
1895,1,quirky
1896,1,bandwidth
1897,1,capital
1898,1,trace
1899,1,systematic
1900,1,pile
1901,1,dendrite
1902,1,spoiler
1903,1,tempt
1904,1,tweak
1905,1,simulation
1906,1,hmm
1907,1,jot
1908,1,cardinal
1909,1,decision-making
1910,1,incorporate
1911,1,definitive
1912,1,internalize
1913,1,satisfactory
1914,1,unstructured
1915,1,intensive
1916,1,bash
1917,1,doctorate
1918,1,passionate
1919,1,thirst
1920,1,compilation
1921,1,reevaluate
1922,1,finance
1923,1,elegant
1924,1,concentration
1925,1,thereby
1926,1,moral
1927,1,bureau
1928,1,gene
1929,1,era
1930,1,employment
1931,1,bookmark
1932,1,pet
1933,1,unwanted
1934,1,puzzle
1935,1,dropping
1936,1,ease
1937,1,mashup
1938,1,regulate
1939,1,digital
1940,1,tiny
1941,1,gotcha
1942,1,living
1943,1,magenta
1944,1,violation
1945,1,losing
1946,1,buzzword
1947,1,bulletin
1948,1,anybody
1949,1,dialogue
1950,1,super
1951,1,pink
1952,1,credential
1953,1,tan
1954,1,likewise
1955,1,decided
1956,1,pow
1957,1,overoptimistic
1958,1,king
1959,1,steroid
1960,1,deactivate
1961,1,coauthor
1962,1,doctoral
1963,1,resurgence
1964,1,devise
1965,1,suffix
