Frequency,Word
10066,the
9994,a
5411,be
4030,and
2817,to
2370,in
2173,matrix
1801,are
1497,by
1451,row
1421,that
1278,this
1263,have
1207,column
1128,vector
1051,for
1037,we
843,at
825,with
766,space
699,from
659,solution
596,all
589,equation
579,then
577,zero
555,on
547,ion
544,so
499,find
485,pivot
483,two
483,no
477,when
457,as
433,first
430,one
423,give
415,same
402,it
390,will
390,its
385,linear
377,multiply
372,do
364,time
362,basis
354,you
351,not
344,number
341,can
338,example
335,they
334,combination
321,ax
321,show
320,three
315,ma
311,solve
306,line
292,determinant
292,chapter
279,problem
277,every
263,also
261,each
259,which
258,use
257,elimination
257,add
256,plane
254,what
247,rank
235,en
232,only
232,produce
232,into
232,change
229,product
225,second
225,because
220,square
220,diagonal
218,but
213,there
213,go
211,how
205,inverse
202,come
199,now
196,four
194,contain
194,positive
192,dimension
189,projection
189,entry
189,special
187,or
187,any
185,way
185,step
180,symmetric
178,point
176,side
176,start
175,equal
173,suppose
169,right
169,rule
169,see
166,why
158,triangular
156,exchange
154,component
148,cos
142,form
142,sum
141,figure
141,variable
141,independent
140,new
140,tor
137,other
137,perpendicular
134,algebra
134,write
134,la
131,mu
131,free
127,their
126,here
125,section
124,real
124,idea
123,singular
121,difference
119,left
119,multiplication
118,subtract
117,case
116,base
115,reduce
115,ta
114,system
114,end
114,choose
114,more
114,set
112,transformation
112,know
111,onto
111,term
109,order
107,re
106,need
106,key
104,than
103,must
103,take
102,make
102,back
101,many
101,like
101,formula
100,compute
100,look
97,different
96,become
96,both
95,prove
95,unit
94,question
94,derivative
94,get
93,permutation
93,work
93,value
93,transpose
93,dot
92,down
92,sin
92,small
90,through
90,sign
90,important
90,edge
89,third
89,move
88,picture
88,definite
88,lead
87,up
87,factor
86,length
86,true
85,little
84,about
84,always
84,complete
83,possible
82,large
82,output
81,say
81,error
81,block
80,check
80,don
79,exact
78,node
77,whole
76,would
76,even
76,apply
76,last
75,triangle
75,mean
74,reason
74,could
74,still
73,describe
72,test
72,law
71,ad
70,identity
70,input
70,application
70,similar
70,function
70,multiple
70,explain
69,ice
69,span
69,graph
69,angle
66,comb
66,part
66,divide
65,spring
65,cost
64,em
63,negative
62,good
61,upper
61,best
61,answer
61,include
60,ed
60,notice
60,reverse
60,since
60,where
59,of
59,reach
58,instead
58,below
58,full
57,transform
57,keep
57,between
56,coefficient
56,particular
55,con
55,unknown
54,sub
54,pa
54,ha
54,usual
54,property
53,original
53,direct
53,direction
52,stay
52,easy
52,draw
52,want
51,rob
51,operation
51,satisfy
51,fundamental
51,project
51,out
51,lower
50,again
50,ex
50,allow
49,call
49,mass
49,dependent
49,size
49,fact
49,some
48,power
48,along
48,plus
48,correct
48,involve
48,after
48,close
47,repeat
47,separate
47,another
47,condition
47,book
47,choice
46,course
46,nu
46,trace
45,circle
45,next
45,infinite
45,our
45,box
45,lie
45,area
44,may
44,connect
44,false
43,construct
43,code
43,series
43,very
43,above
43,comer
43,note
43,fill
43,volume
42,without
42,found
41,appear
41,review
41,long
41,most
41,force
41,challenge
41,lane
41,word
40,tell
40,axis
40,solvable
40,theorem
40,substitution
39,meet
39,might
39,multiplier
39,echelon
39,comp
39,current
39,combine
38,leaf
38,roo
38,whose
38,differential
38,before
38,happen
38,cannot
37,state
37,count
37,rotation
37,complex
36,fourth
36,simple
36,follow
36,big
36,main
35,too
35,definition
35,forward
34,proof
34,quick
34,try
34,approach
34,clear
34,invert
34,certain
33,cross
33,general
33,single
33,eat
33,i
33,five
33,loop
33,method
33,independence
33,put
32,average
32,should
32,jus
32,define
32,ted
32,fast
32,therefore
32,engineer
32,result
32,extra
32,constant
32,standard
31,my
31,six
31,top
30,parabola
30,ew
30,linearity
30,rectangular
30,fix
30,itself
30,short
30,correspond
30,ask
30,introduction
29,inside
29,inequality
29,integral
29,never
29,reflection
29,lo
29,require
29,calculus
29,requirement
29,represent
29,mathematics
29,addition
29,minus
29,rotate
27,better
27,final
27,steady
27,together
26,think
26,act
26,stop
26,pi
26,fail
26,match
26,language
26,normal
26,straight
26,split
25,app
25,pure
25,pair
25,although
25,great
25,often
25,cosine
25,low
25,position
25,fit
24,arrow
24,create
24,goal
24,much
24,exist
24,run
24,remove
24,total
24,pascal
24,cube
24,once
24,pattern
23,stretch
23,odd
23,eliminate
23,verify
23,root
23,parallel
23,shape
23,given
23,process
22,balance
22,link
22,basic
21,student
21,decomposition
21,ratio
21,actual
21,except
21,mo
21,site
21,impossible
21,range
21,minimize
21,depend
21,om
21,par
21,amp
21,determine
21,id
21,house
20,origin
20,height
20,agree
20,substitute
20,fa
20,going
20,already
20,augment
20,yield
20,group
20,flow
20,three-dimensional
20,numb
20,early
20,tan
19,across
19,typical
19,enter
19,list
19,grow
19,crucial
19,around
19,signal
19,unchanged
19,he
19,compare
19,movement
19,minimum
18,quadratic
18,hour
18,scalar
18,such
18,automatic
18,soon
18,parallelogram
18,absolute
18,middle
18,lock
18,understand
18,coordinate
17,near
17,triple
17,own
17,aw
17,eye
17,distance
17,while
17,aye
17,pick
17,kernel
17,help
17,hold
17,outside
17,cancel
17,your
17,if
17,polynomial
17,center
17,web
17,recommend
17,begin
16,incidence
16,less
16,tween
16,bring
16,level
16,place
16,corner
16,provide
16,following
16,tar
16,double
16,assume
16,pro
16,wavelet
16,ellipse
16,express
16,remember
16,previous
16,symmetry
16,necessary
16,subject
16,tree
16,computer
16,specific
16,image
16,unique
16,letter
16,beauty
16,imaginary
15,finite
15,eventual
15,approximation
15,thus
15,subtraction
15,economic
15,break
15,program
15,conclusion
15,network
15,nothing
15,teaching
15,face
15,guess
15,random
15,share
14,bottom
14,command
14,almost
14,whether
14,expect
14,perfect
14,meaning
14,science
14,population
14,complement
14,just
14,unless
14,sure
14,model
14,consist
14,leave
13,exponential
13,essential
13,opposite
13,relate
13,spec
13,computational
13,ten
13,central
13,discrete
13,high
13,thing
13,extreme
13,reveal
13,shift
13,inner
13,who
13,watch
13,wave
13,potential
13,lea
13,further
13,missing
13,continue
13,turn
12,extend
12,stiff
12,tension
12,measurement
12,immediate
12,proper
12,ox
12,enough
12,obey
12,voltage
12,ordinary
12,hard
12,especial
12,probable
12,backward
12,parenthesis
12,ti
12,disappear
12,replace
12,please
12,available
12,cyclic
11,possibility
11,eight
11,statement
11,computation
11,hope
11,decay
11,recognize
11,source
11,far
11,imp
11,eve
11,predict
11,video
11,sine
11,chap
11,class
11,increase
11,until
11,limit
11,splitting
11,let
11,intersection
11,calculation
11,path
11,tum
11,poss
11,algorithm
11,horizontal
10,feasible
10,display
10,sequence
10,log
10,red
10,bi
10,fraction
10,seem
10,away
10,ow
10,late
10,doe
10,thou
10,lot
10,decide
10,desire
10,piece
10,chemical
10,multiplicity
10,stable
10,few
10,taking
10,sec
10,either
10,natural
10,lecture
9,favorite
9,nonlinear
9,beyond
9,reduction
9,fitting
9,higher
9,type
9,uh
9,car
9,vertical
9,simplify
9,ready
9,sh
9,convert
9,table
9,lose
9,family
9,pace
9,ick
9,toward
9,ram
9,build
9,fall
9,compress
9,prefer
9,tilt
9,reorder
9,guarantee
9,rec
9,hand
9,twice
9,over
9,miss
9,oil
9,emphasize
9,practice
9,price
9,mark
9,something
9,notation
9,deal
9,well
9,job
9,nine
9,send
9,pass
9,boldface
9,maximum
8,coming
8,continuous
8,rand
8,hi
8,read
8,otherwise
8,expand
8,textbook
8,drop
8,learn
8,unusual
8,one-dimensional
8,detail
8,off
8,compression
8,alternate
8,old
8,reflect
8,income
8,stage
8,print
8,degree
8,surprise
8,datum
8,energy
8,weight
8,year
8,nice
8,copy
8,yes
8,growth
8,converge
8,pay
8,geometry
8,measure
8,wide
8,dependence
8,illustrate
8,likely
8,commute
8,website
8,information
8,dim
8,ink
8,understanding
8,pow
8,stability
8,dimensional
7,math
7,situation
7,heart
7,trivial
7,google
7,sometimes
7,open
7,mention
7,index
7,half
7,update
7,op
7,name
7,dual
7,avoid
7,obvious
7,machine
7,famous
7,practical
7,elementary
7,rectangle
7,warning
7,per
7,concentrate
7,calculate
7,wrong
7,two-dimensional
7,theory
7,everything
7,geometric
7,exceed
7,preface
7,homework
7,behind
7,success
7,mirror
7,consumption
7,whenever
7,ohm
7,rove
7,unstable
7,numerical
7,demand
7,recover
7,search
7,wan
7,anything
7,er
7,boundary
7,nation
7,thousand
7,description
7,remain
7,reasonable
7,cubic
7,leaving
7,hint
6,discover
6,trouble
6,unsolvable
6,under
6,feel
6,broken
6,carry
6,visualize
6,page
6,food
6,highlight
6,save
6,summary
6,account
6,constraint
6,reversal
6,importance
6,ho
6,unavoidable
6,conjugate
6,remarkable
6,framework
6,ahead
6,shortage
6,introduce
6,amaze
6,serious
6,statistic
6,age
6,lace
6,million
6,hub
6,slope
6,authority
6,inn
6,travel
6,speed
6,writing
6,software
6,treat
6,several
6,outer
6,electrical
6,newton
6,doing
6,store
6,effect
6,organize
6,para
6,working
6,scientific
6,text
6,systematic
6,frequency
6,people
6,rewrite
6,sudoku
6,integer
6,spa
6,approximate
6,material
6,develop
5,press
5,auk
5,all-important
5,northwest
5,equality
5,professor
5,succeed
5,derive
5,room
5,physical
5,strange
5,reader
5,mathematical
5,pixel
5,xi
5,record
5,yet
5,neat
5,strict
5,intersect
5,sell
5,mechanic
5,ranking
5,physics
5,control
5,sit
5,stand
5,digital
5,connection
5,collect
5,twelve
5,adjacency
5,execute
5,exceptional
5,cut
5,kind
5,assemble
5,maybe
5,partial
5,whatever
5,dynamic
5,convenient
5,def
5,trigonometry
5,throw
5,instability
5,attention
5,deduce
5,rev
5,eleven
5,bar
5,capital
5,algebraic
5,regard
5,somehow
5,cheater
5,showing
5,walk
5,band
5,demo
5,finding
5,mostly
5,duality
5,downward
5,spectral
5,economy
5,region
5,slight
5,hide
5,infinity
5,seven
5,confirm
5,advance
5,plot
5,believe
5,scale
5,tat
5,displacement
5,mix
5,invent
5,interest
5,world
5,wonder
5,sis
5,achieve
5,failure
5,opera
5,generation
5,edition
5,touch
5,spiral
5,else
5,news
5,assumption
5,alone
4,consistent
4,initial
4,operate
4,restrict
4,distributive
4,argument
4,versus
4,month
4,floor
4,contribute
4,individual
4,themselves
4,wolf
4,relation
4,reality
4,identical
4,meeting
4,integrate
4,chance
4,responsible
4,heavy
4,commutative
4,rather
4,pseudo
4,velocity
4,breakdown
4,none
4,man
4,empty
4,hype
4,deep
4,realistic
4,belong
4,circuit
4,bad
4,tax
4,everyone
4,dominate
4,tern
4,visit
4,consume
4,polar
4,temporary
4,common
4,halfway
4,familiar
4,fiat
4,yo
4,capture
4,principle
4,upward
4,among
4,translate
4,content
4,essay
4,equilibrium
4,moment
4,ever
4,denote
4,till
4,title
4,optimal
4,elongation
4,imply
4,probability
4,city
4,rate
4,sitting
4,care
4,theta
4,engine
4,python
4,division
4,slow
4,comment
4,simplicity
4,col
4,exam
4,saw
4,maximize
4,domain
4,ye
4,ton
4,flip
4,variety
4,saddle
4,normalize
4,gravity
4,win
4,explicit
4,actor
4,equivalent
4,tee
4,land
4,head
4,candidate
4,roach
4,quantity
4,rem
4,southeast
4,return
4,associative
3,tie
3,tab
3,momentum
3,establish
3,apple
3,dead
3,evaluate
3,arbitrary
3,existence
3,barrier
3,touche
3,push
3,billion
3,library
3,leapfrog
3,able
3,efficient
3,permanent
3,wall
3,obtain
3,action
3,undo
3,clock
3,indefinite
3,endpoint
3,adjust
3,paragraph
3,attainable
3,industry
3,element
3,rep
3,loo
3,decided
3,light
3,quantum
3,hang
3,norm
3,imagine
3,mi
3,audio
3,max
3,yourself
3,principal
3,gain
3,rough
3,ah
3,maple
3,oscillate
3,ourselves
3,gram
3,entire
3,infinitesimal
3,lib
3,jump
3,rest
3,fox
3,geometrical
3,frequent
3,rod
3,vice
3,damp
3,quality
3,mathematician
3,dent
3,support
3,gallery
3,explanation
3,curve
3,uncouple
3,haven
3,recursive
3,mind
3,exercise
3,symbol
3,design
3,blow
3,respect
3,recon
3,structure
3,hit
3,heat
3,insight
3,identify
3,excellent
3,arithmetic
3,author
3,hmm
3,bow
3,screen
3,emphasis
3,spend
3,unbounded
3,buy
3,mechanical
3,visual
3,supercomputer
3,fantastic
3,abs
3,eh
3,minimization
3,purpose
3,optional
3,redraw
3,accurate
3,background
3,mistake
3,thank
3,loss
3,difficulty
3,intend
3,experiment
3,elastic
3,sense
3,saving
3,everywhere
3,squash
3,hat
3,symbolic
3,theoretical
3,turning
3,pap
3,reading
3,mach
3,fax
3,indicate
3,associate
3,thin
3,propose
3,pull
3,workhorse
3,rue
3,round
3,virtual
3,plastic
3,quite
3,omit
3,person
3,being
3,overall
3,cover
3,option
3,flaw
3,suggest
3,localize
3,storage
3,radius
3,finish
3,factorial
3,tricky
3,oscillation
3,dense
3,happy
3,matter
3,trying
3,discussion
3,destroy
3,locate
2,day
2,external
2,his
2,pea
2,cheap
2,explode
2,anyway
2,production
2,during
2,charge
2,complicate
2,iterative
2,bracket
2,ellipsis
2,tall
2,namely
2,foundation
2,nutshell
2,awkward
2,hundred
2,permute
2,ago
2,summarize
2,exponent
2,worthwhile
2,sensitivity
2,weak
2,sparse
2,outcome
2,optimization
2,solid
2,dash
2,rental
2,dollar
2,construction
2,one-sided
2,noise
2,apologize
2,credit
2,diffuse
2,quest
2,suit
2,prediction
2,checkerboard
2,lad
2,distribute
2,abstract
2,study
2,sweep
2,two-step
2,headache
2,twenty
2,fund
2,array
2,worth
2,instructor
2,influence
2,danger
2,sans
2,integration
2,frame
2,publisher
2,expression
2,descend
2,resistance
2,welcome
2,forgive
2,semicolon
2,ides
2,rubber
2,diffusion
2,survive
2,email
2,nobody
2,interior
2,trick
2,lease
2,translation
2,switch
2,trial
2,cancellation
2,truth
2,italic
2,realize
2,chain
2,minute
2,life
2,amount
2,preserve
2,collection
2,prize
2,subscript
2,feature
2,winner
2,color
2,swing
2,homogeneous
2,ail
2,friend
2,proportional
2,major
2,steel
2,java
2,crazy
2,clockwise
2,rabbit
2,black
2,sump
2,precise
2,opinion
2,member
2,memory
2,sketch
2,confession
2,staircase
2,plenty
2,similarity
2,motion
2,mom
2,ill
2,ensure
2,graphic
2,repetition
2,outstanding
2,devote
2,blank
2,ball
2,sup
2,remark
2,sigma
2,nan
2,coin
2,born
2,internal
2,unite
2,tail
2,ground
2,colon
2,neutral
2,lambda
2,century
2,hear
2,sound
2,mental
2,differentiate
2,improvement
2,gradient
2,uncertainty
2,gradual
2,white
2,hesitate
2,thumb
2,effort
2,govern
2,sixteen
2,correction
2,legal
2,shrink
2,hiding
2,shade
2,sudden
2,intricate
2,assign
2,concern
2,admit
2,race
2,thought
2,productive
2,mutual
2,giant
2,reproduce
2,management
2,convergence
2,suspect
2,justify
2,ace
2,mine
2,deserve
2,occur
2,indirect
2,forget
2,ignore
2,pretty
2,pyramid
2,shortcut
2,unitary
2,offer
2,elasticity
2,processor
2,everybody
2,lure
2,accept
2,fixing
2,beg
2,role
2,according
2,representation
2,valuable
2,theme
2,parameter
2,select
2,filter
2,tea
2,chop
2,characteristic
2,air
2,nod
2,lax
2,median
2,ban
2,borderline
2,radian
2,leap
2,magnitude
2,expensive
2,lance
2,graphical
2,truck
2,orange
2,pound
1,iteration
1,dependency
1,clean
1,spot
1,phone
1,collaboration
1,analyst
1,cove
1,odds
1,rope
1,personal
1,tape
1,newcomer
1,freedom
1,safety
1,exception
1,pleasant
1,conduction
1,videotape
1,digest
1,attractive
1,fine
1,conventional
1,rial
1,proceeds
1,reinforce
1,tone
1,difficult
1,lap
1,teat
1,left-handed
1,seldom
1,insert
1,superconductor
1,art
1,typeset
1,shorthand
1,sock
1,suitable
1,mike
1,somebody
1,uncover
1,raise
1,spoil
1,apart
1,equipment
1,losing
1,unfortunate
1,proceed
1,dictionary
1,appearance
1,fortunate
1,intensity
1,inspection
1,rocket
1,satellite
1,verse
1,illuminate
1,user
1,lam
1,rare
1,pleasure
1,competitive
1,hon
1,silly
1,lac
1,unlike
1,alias
1,brief
1,guide
1,lash
1,transmit
1,posit
1,duo
1,sing
1,mouse
1,placing
1,version
1,incomplete
1,optimum
1,willow
1,elegant
1,beginning
1,redefine
1,hundredth
1,ilium
1,scan
1,item
1,apology
1,tang
1,front
1,firm
1,slack
1,encouragement
1,net
1,eagle
1,genus
1,illusion
1,streamline
1,binomial
1,dissipate
1,unnecessary
1,pensive
1,lav
1,disposal
1,prime
1,constitutive
1,violate
1,wand
1,relationship
1,simulation
1,present
1,chord
1,modem
1,generate
1,unbeatable
1,confuse
1,unofficial
1,novelty
1,lucky
1,beside
1,union
1,sol
1,specify
1,circular
1,future
1,provision
1,wind
1,sumo
1,roadrunner
1,amazon
1,profess
1,logy
1,picking
1,pendent
1,resist
1,paradox
1,magic
1,supposed
1,cyclical
1,accelerate
1,restriction
1,additional
1,cause
1,actuality
1,prohibit
1,manual
1,ope
1,deduction
1,drive
1,couple
1,unheard
1,movie
1,lump
1,mag
1,bit
1,bound
1,bowl
1,imagination
1,industrial
1,sale
1,forge
1,spherical
1,built-in
1,pressure
1,revolutionize
1,well-kept
1,temperature
1,fresh
1,smile
1,experience
1,paper
1,lightface
1,juggle
1,photocopy
1,restore
1,talk
1,ecology
1,prepare
1,inward
1,style
1,transient
1,viewer
1,permit
1,surf
1,cub
1,focus
1,analog
1,blowup
1,impure
1,underlie
1,molecular
1,contradiction
1,institute
1,delicate
1,aim
1,altogether
1,hypotenuse
1,hog
1,histogram
1,exaggerate
1,dedicate
1,redesign
1,refuse
1,rename
1,ref
1,congress
1,route
1,shoe
1,cone
1,fertility
1,clarify
1,ham
1,hook
1,hence
1,sou
1,arise
1,semester
1,technique
1,champ
1,chimney
1,dangerous
1,statistician
1,fie
1,vibrate
1,slip
1,tenth
1,extinction
1,shear
1,arrange
1,rescue
1,acceptable
1,myself
1,sick
1,prow
1,coupling
1,faculty
1,throughout
1,lull
1,cay
1,decimal
1,conductance
1,gene
1,ancient
1,unexpected
1,enlarge
1,slash
1,branch
1,unacceptable
1,whatsoever
1,experimental
1,overstretch
1,doc
1,overnight
1,pose
1,inconvenience
1,critical
1,forgettable
1,collapse
1,category
1,snappy
1,tunnel
1,intuition
1,hurry
1,anew
1,flit
1,variance
1,rad
1,dad
1,unattractive
1,perk
1,rearrangement
1,narrow
1,college
1,dark
1,toll
1,subgroup
1,householder
1,denominator
1,deter
1,reaction
1,abnormal
1,conceptual
1,sensitive
1,gamble
1,ire
1,trademark
1,viewpoint
1,cur
1,incredible
1,bill
1,response
1,authorize
1,sentence
1,live
1,density
1,defense
1,against
1,birth
1,safe
1,bore
1,university
1,unrecognizable
1,catch
1,ell
1,medical
1,fun
1,subroutine
1,putt
1,knock
1,pill
1,impressive
1,labor
1,golden
1,inefficient
1,money
1,schwa
1,tend
1,perp
1,message
1,manufacture
1,education
1,untangle
1,ridiculous
1,online
1,arm
1,southwest
1,octave
1,humble
1,hist
1,seed
1,expansion
1,lip
1,neither
1,feeling
1,perpendicularity
1,arc
1,repair
1,convex
1,consistency
1,interconnect
1,second-degree
1,nth
1,fifth
1,supermarket
1,electrocardiogram
1,satisfactory
1,suggestion
1,differentiation
1,location
1,speak
1,civil
1,tit
1,vet
1,market
1,hyperbola
1,decision
1,encourage
1,terrific
1,correlation
1,lei
1,cop
1,finger
1,leaning
1,award
1,purchase
1,tot
1,torque
1,tow
1,gravitational
1,cab
1,map
1,bye
1,sort
1,outline
1,overlap
1,resistor
1,calculator
1,toolbox
1,forty
1,organization
1,anti
1,profit
1,conclude
1,discuss
1,making
1,international
1,evident
1,boil
1,manage
1,oh
1,fascinate
1,glossary
1,advice
1,argue
1,register
1,refer
1,tower
1,warn
1,wire
1,tremendous
1,regression
1,literal
1,settle
1,contribution
1,terrible
1,lob
1,breeze
1,skew
1,inspiration
1,lank
1,mix-up
1,unlivable
1,taco
1,interconnection
1,environment
1,plan
1,deceptive
1,praise
1,stick
1,professional
1,preference
1,mode
1,school
1,attain
1,relative
1,acceleration
1,generalize
1,modify
1,teacher
1,lopsided
1,analogy
1,confident
1,forever
1,period
1,nature
1,association
1,object
1,drawing
1,lift
1,cell
1,consider
1,tradeoff
1,composition
1,projectile
1,observation
1,subset
1,thickness
1,hem
1,week
1,fur
1,conservation
1,advantage
1,bullet
1,generous
1,instruction
1,tip
1,angular
1,view
1,concoct
1,pliers
1,cheek
1,regular
1,chess
1,syllabus
1,winning
1,instant
1,aside
1,freeze
1,doubt
1,stone
1,comma
1,impose
1,master
1,bold
1,hanging
1,performance
1,collision
1,mac
1,unprofessional
1,continuity
1,worldwide
1,soft
1,concave
1,printing
1,lox
1,game
1,alternative
1,eta
1,customary
1,revolutionary
1,opening
1,astonish
1,interpret
1,grateful
1,business
1,beat
1,tom
1,godfather
1,gap
1,estimate
1,creative
1,shorten
1,feed
1,wen
1,via
1,border
1,striking
1,lively
1,happening
1,finance
1,moderate
1,molecule
1,teach
1,gambler
1,apparent
1,primitive
1,commercial
1,seller
1,gray
1,anticipate
1,oxford
1,reserved
1,upright
1,chemist
1,specialize
1,lay
1,bet
1,raw
1,inversion
1,secret
1,hammering
1,logarithm
1,revers
1,quit
1,sim
1,scientist
1,aeronautical
1,permission
1,popular
1,reconstruct
1,informal
1,chemistry
1,species
1,spreadsheet
1,announce
1,disguise
1,play
1,disaster
1,green
1,enormous
1,guilty
1,son
1,residual
1,smooth
1,keyboard
1,estimation
1,bank
1,pronounce
1,enjoy
1,memorize
1,stress
1,human
1,technology
1,crossing
1,accident
1,water
1,reset
1,trapezoidal
1,ultimate
1,conserve
1,grace
1,deviation
1,subtle
1,ply
1,metal
1,atom
1,young
1,exaggeration
1,analysis
1,kill
1,sky
1,essence
1,coo
1,eighth
1,fluid
1,refine
